№ п/п,Регион,Полигон,ID Объекта,Отсутствие ванн для дезинфекции колес ,Выход полигона за границы кадастрового участка,Расположение объекта на расстоянии менее 15 км от действующего аэродрома,Не выполняется пересыпка тела полигона,"Отсутствие КПП, ворот или шлагбаума ",Отсутствие ограждения по периметру полигона ,Отсутствие весового контроля ,Наличие тлений и возгораний на теле полигона,Заболачивание и подтопление полигона ,Отсутствие обводных каналов ,Выход фильтрата за границы отведенного земельного участка,"Размещение фракций, не относящихся к ТКО",Разлет фракций на прилегающие территории ,Нарушение санитарно - защитной зоны,Координаты,Спутниковое изображение
28,Тверская область,ОР ТКО Андреаполь,303,да,да,нет,нет,нет,да,да,нет,нет,да,да,да,да,нет,"56.650696, 32.221344",0
29,Тверская область,ОР ТКО Белый,304,да,да,нет,да,нет,да,да,нет,да,нет,да,да,да,нет,"55.872253, 32.938877",1
30,Тверская область,ОР ТКО Весьегонск,305,да,да,нет,да,да,да,да,нет,да,нет,да,да,да,да,"58.636607, 37.255813",0
31,Тверская область,ОР ТКО Вышний Волочек,306,нет,нет,нет,нет,нет,да,нет,нет,нет,да,нет,нет,да,да,"57.564516, 34.586704",0
32,Тверская область,ОР ТКО Калязин,308,нет,да,нет,да,да,да,да,нет,нет,да,да,нет,да,да,"57.180564, 37.881782",0
33,Тверская область,ОР ТКО Кашин,309,да,да,нет,нет,нет,да,нет,нет,нет,да,да,нет,да,нет,"57.328386, 37.765632",0
34,Тверская область,ОР ТКО Лесное,310,нет,да,нет,да,нет,да,да,да,нет,да,нет,да,да,да,"58.297574, 35.565969",0
35,Тверская область,ОР ТКО Оленино,311,нет,да,нет,да,да,да,да,нет,да,да,да,да,да,да,"56.189797, 33.545701",0
36,Тверская область,ОР ТКО Осташково,312,да,да,нет,да,да,да,да,нет,нет,да,да,да,да,нет,"57.114829, 33.036228",0
37,Тверская область,ОР ТКО Рамешки,313,да,да,нет,да,да,да,да,нет,нет,да,нет,да,да,да,"57.313894, 36.056115",0
38,Тверская область,ОР ТКО Ржев,314,да,да,нет,да,нет,да,нет,нет,нет,да,да,нет,да,нет,"56.350517, 34.222136",0
39,Тверская область,ОР ТКО Сандово,315,да,да,нет,да,нет,да,да,да,нет,да,да,да,да,нет,"58.447626, 36.434423",0
40,Тверская область,ОР ТКО Селижарово,316,да,да,нет,нет,да,да,да,нет,нет,да,да,да,да,да,"56.848761, 33.49658",0
41,Тверская область,ОР ТКО Сонково,317,да,да,нет,нет,да,да,да,нет,нет,да,да,нет,да,нет,"57.808408, 37.109956",0
42,Тверская область,Полигон ТКО Торопец,318,нет,да,нет,да,нет,да,нет,нет,нет,нет,да,да,да,да,"56.465152, 31.634891",0
43,Тверская область,Полигон ТКО Славное,319,да,нет,да,нет,нет,нет,нет,нет,да,нет,да,да,нет,нет,"56.997428, 36.020957",0
44,Тверская область,Полигон ТКО Торжок,320,да,да,нет,да,да,да,нет,нет,нет,нет,да,нет,да,нет,"57.024874, 34.846943",0
45,Тверская область,Полигон ТКО Удомля,321,да,да,нет,да,да,да,нет,нет,нет,да,да,да,да,да,"57.868719, 35.062717",0
46,Вологодская область,Полигон для хранения твердых бытовых отходов,327,да,да,нет,нет,нет,нет,нет,нет,нет,да,да,нет,да,нет,"60.281274, 38.067436",0
47,Вологодская область,Полигон ТБО г. Грязовец,328,да,да,нет,да,да,да,нет,нет,нет,да,да,нет,нет,нет,"58.869131, 40.313378",0
48,Вологодская область,Полигон ТБО для пос.Кадуй Кадуйского района Вологодской области,329,нет,нет,нет,нет,нет,да,нет,нет,нет,да,нет,нет,нет,нет,"59.261572, 37.275196",0
49,Вологодская область,Полигон ТБО МО Мазское Кадуйского муниципального района Вологодской области,330,нет,нет,нет,нет,нет,да,да,нет,нет,нет,нет,да,нет,нет,"59.298689, 36.802947",0
50,Вологодская область,Полигон ТБО г.Кириллов,331,нет,да,нет,да,нет,да,нет,нет,нет,да,да,нет,нет,нет,"59.861298, 38.419119",0
489,Вологодская область,Полигон ТБО с. Кичменгский Городок,332,да,да,да,да,да,да,да,нет,нет,да,да,да,да,нет,"60.011415, 45.76081",0
52,Вологодская область,Полигон ТБО с. Шуйское,333,да,да,нет,да,нет,да,да,нет,нет,да,да,да,нет,нет,"59.345103, 41.033411",0
53,Вологодская область,"Полигон для захоронения бытовых отходов и нетоксичных промышленных отходов, расположенный по адресу: Вологодская обл., Никольский район, примыкающий с севера к автомобильной дороге «Соколово-Никольское» в 5 км от г. Никольска",334,да,да,нет,нет,нет,да,нет,нет,нет,нет,нет,нет,нет,нет,"59.562042, 45.394622",0
54,Вологодская область,Полигон ТКО с.Сямжа,335,нет,да,нет,нет,нет,нет,да,нет,нет,нет,нет,нет,да,да,"59.993675, 41.032615",0
55,Вологодская область,Полигон ТБО д. Лентьево,336,нет,да,нет,нет,нет,нет,да,нет,нет,нет,нет,нет,нет,нет,"58.972761, 36.643083",1
56,Вологодская область,"Полигон ТБО для муниципальных образований Никольское, Никифоровское",337,нет,нет,нет,да,да,да,да,нет,нет,нет,нет,нет,нет,нет,"58.654275, 36.43104",0
57,Вологодская область,Полигон ТБО г Харовск,338,да,да,нет,нет,да,да,нет,нет,да,нет,да,нет,да,нет,"59.937644, 40.110269",0
58,Вологодская область,Полигон ТБО п. Сазоново,339,да,нет,нет,нет,да,да,да,нет,нет,нет,нет,да,нет,нет,"59.128088, 35.193498",0
59,Вологодская область,Полигон ТБО г.Череповца,340,да,да,нет,нет,нет,нет,нет,нет,нет,нет,нет,нет,нет,нет,"59.164399, 37.775689",0
60,Вологодская область,Полигон ТБО Малый Исток,341,нет,да,нет,нет,нет,да,да,нет,нет,нет,нет,нет,нет,да,"59.117983, 37.553982",0
61,Вологодская область,Полигон ТБО Новое Домозерово,342,да,да,нет,нет,нет,да,нет,нет,нет,нет,да,нет,да,да,"59.037047, 38.16612",0
62,Вологодская область,Полигон ТБО Ильинское,343,нет,нет,нет,нет,нет,да,нет,нет,нет,нет,нет,нет,нет,да,"59.226944, 38.589298",0
63,Вологодская область,Полигон ТБО г. Бабаево,344,нет,да,нет,нет,нет,нет,нет,нет,нет,да,да,да,да,нет,"59.456154, 35.992817",0
64,Вологодская область,Полигон ТБО с.Борисово-Судское,345,нет,да,нет,да,нет,да,нет,нет,нет,нет,нет,да,да,нет,"59.8838, 35.993593",0
65,Вологодская область,Полигон твердых бытовых отходов п. Вожега.,346,нет,да,нет,да,нет,нет,да,нет,да,нет,да,нет,нет,нет,"60.455555, 40.115324",0
66,Вологодская область,Полигон для захоронения промышленных твердых бытовых отходов Нюксенского ЛПУМГ,347,да,нет,нет,нет,нет,нет,да,нет,да,нет,да,нет,да,нет,"60.451215, 44.215807",0
67,Вологодская область,Полигон ТБО с. Тарногский Городок,348,нет,да,нет,нет,нет,да,нет,нет,нет,да,да,да,да,нет,"60.464076, 43.569682",0
68,Вологодская область,Полигон ТБО п. Васильевское,349,нет,да,нет,да,нет,да,да,нет,да,нет,да,да,нет,нет,"59.074706, 40.149842",0
69,Вологодская область,Полигон ТБО для Кубенского с/с,350,да,да,нет,нет,нет,нет,да,нет,да,да,да,нет,нет,нет,"59.416706, 39.626263",0
70,Вологодская область,Полигон ТБО для МО Новленское Вологодского района Вологодской области,351,да,да,нет,да,да,нет,да,нет,нет,нет,нет,нет,нет,нет,"59.599796, 39.31096",0
71,Вологодская область,Полигон ТБО для г. Вологда-1 этап,352,нет,нет,нет,нет,нет,нет,нет,нет,нет,нет,да,нет,нет,нет,"59.023129, 39.8324",0
72,Вологодская область,Полигон ТБО г. Сокол,353,да,да,нет,нет,нет,да,нет,нет,да,да,да,да,да,нет,"59.44126, 40.089142",0
73,Вологодская область,Полигон ТБО с. Устье,354,да,да,нет,нет,нет,да,да,нет,нет,да,да,да,да,нет,"59.665156, 39.768513",0
74,Вологодская область,Полигон твердых коммунальных отходов с. Верховажье,355,нет,да,нет,да,нет,да,да,нет,нет,нет,да,да,да,нет,"60.726215, 42.085606",0
75,Вологодская область,Полигон захоронения ТКО,356,нет,да,нет,нет,нет,нет,нет,нет,нет,нет,да,нет,нет,нет,"61.050589, 36.490636",0
76,Республика Татарстан,Полигон ТБО г.Агрыз,357,нет,да,нет,нет,нет,нет,нет,нет,нет,нет,да,да,да,нет,"56.493546, 52.956149",0
77,Республика Татарстан,полигон ТБО Актюбинский,358,да,нет,да,нет,нет,нет,да,нет,нет,нет,да,да,нет,нет,"54.846602, 52.753224",0
78,Республика Татарстан,полигон ТБО г.Азнакаево,359,нет,нет,да,нет,нет,нет,нет,нет,нет,нет,да,нет,нет,нет,"54.929239, 53.156495",1
79,Республика Татарстан,полигон ТБО н.п.Аксубаево,360,да,да,нет,нет,нет,нет,нет,нет,нет,нет,да,да,да,нет,"54.880807, 50.762348",0
80,Республика Татарстан,полигон ТБО с.Актаныш,361,нет,да,нет,нет,нет,нет,нет,нет,да,да,да,да,нет,да,"55.71096, 54.09615",0
81,Республика Татарстан,Алексеевский полигон ТБО,362,нет,да,да,нет,нет,нет,нет,нет,нет,нет,нет,да,нет,нет,"55.252226, 50.131968",0
82,Республика Татарстан,полигон ТБО с.Базарные Матаки,363,да,да,да,да,да,нет,да,нет,нет,нет,да,да,нет,нет,"54.934287, 49.893308",0
83,Республика Татарстан,полигон ТБО г.Альметьевск,364,да,нет,нет,нет,да,нет,да,нет,нет,да,да,нет,нет,нет,"54.84454, 52.179459",0
84,Республика Татарстан,полигон ТБО Апастовского района,365,да,да,нет,нет,нет,нет,нет,нет,да,да,да,нет,да,да,"55.216182, 48.501382",0
85,Республика Татарстан,полигон ТБО г.Арск,366,нет,да,нет,нет,нет,нет,нет,нет,нет,нет,нет,да,нет,нет,"56.134107, 49.862459",0
86,Республика Татарстан,полигон ТБО г.Бавлы,367,да,да,да,нет,да,да,нет,нет,нет,да,да,нет,нет,нет,"54.440094, 53.31503",0
87,Республика Татарстан,Балтасинский полигон ТБО,368,нет,нет,нет,нет,нет,да,да,нет,да,нет,да,нет,нет,нет,"56.30914, 50.185537",0
88,Республика Татарстан,полигон ТБО Верхнеуслонского района,369,да,нет,да,да,да,да,да,нет,нет,нет,да,нет,нет,нет,"55.736506, 48.907659",0
90,Республика Татарстан,полигон ТБО г.Казань (Химическая),371,нет,нет,да,нет,нет,нет,нет,нет,нет,нет,да,нет,нет,да,"55.892973, 48.981813",0
91,Республика Татарстан,полигон ТБО г.Набережные Челны,372,нет,да,нет,нет,нет,да,нет,нет,нет,нет,да,нет,нет,да,"55.681656, 52.566977",0
92,Республика Татарстан,полигон ТБО с.Старое Дрожжаное,373,нет,нет,нет,да,нет,нет,нет,нет,нет,нет,да,да,нет,нет,"54.699143, 47.556066",0
93,Республика Татарстан,Малореченский полигон ТБО,374,нет,да,нет,нет,нет,да,нет,нет,нет,нет,да,нет,нет,нет,"55.798497, 51.869768",0
94,Республика Татарстан,полигон ТБО г.Заинск,375,нет,нет,да,нет,нет,да,нет,нет,нет,да,да,да,нет,нет,"55.349856, 51.861779",0
95,Республика Татарстан,полигон ТБО г.Зеленодольск,376,нет,да,нет,нет,да,да,нет,нет,нет,нет,да,да,нет,да,"55.860761, 48.607946",0
96,Республика Татарстан,Кукморский полигон ТБО,377,нет,да,нет,нет,нет,нет,нет,нет,нет,нет,нет,нет,нет,да,"56.189123, 50.984327",0
97,Республика Татарстан,полигон ТБО г.Лениногорск,378,да,да,да,нет,нет,нет,да,нет,нет,нет,да,да,нет,нет,"54.581585, 52.550495",0
98,Республика Татарстан,полигон ТБО г.Менделеевск,379,нет,нет,нет,нет,нет,нет,нет,нет,нет,да,да,нет,нет,нет,"55.930588, 52.344562",0
99,Республика Татарстан,полигон ТБО г.Нижнекамск,380,да,да,да,нет,да,нет,нет,нет,нет,нет,нет,да,нет,нет,"55.542525, 51.761022",0
100,Республика Татарстан,полигон ТБО в пгт.Камские Поляны,381,нет,нет,нет,нет,да,нет,да,нет,нет,нет,да,нет,нет,да,"55.43353, 51.346134",0
101,Республика Татарстан,полигон ТБО г.Нурлат,382,да,да,нет,да,нет,нет,да,нет,нет,нет,да,нет,нет,нет,"54.455055, 50.855368",0
102,Республика Татарстан,полигон ТБО пгт.Рыбная Слобода,383,да,нет,нет,нет,нет,нет,да,нет,нет,нет,нет,да,нет,нет,"55.48015, 50.184833",1
103,Республика Татарстан,полигон ТБО н.п. Богатые Сабы,384,нет,нет,нет,нет,нет,да,да,да,да,да,да,да,нет,нет,"56.014051, 50.395029",0
104,Республика Татарстан,полигон ТБО с.Шемордан Сабинского района Республики Татарстан,385,да,да,нет,да,нет,да,да,нет,нет,да,да,да,нет,нет,"56.208264, 50.39694",0
105,Республика Татарстан,Джалильский полигон ТБО,386,нет,да,нет,нет,нет,нет,нет,нет,нет,да,да,нет,нет,нет,"55.064343, 52.748431",0
106,Республика Татарстан,полигон ТБО с.Сарманово,387,да,да,нет,нет,нет,нет,нет,нет,да,да,да,да,нет,нет,"55.256421, 52.651669",0
107,Республика Татарстан,полигон захоронения ТКО Спасского муниципального района,388,да,да,нет,нет,нет,да,да,нет,нет,да,да,нет,да,нет,"54.941767, 49.051125",0
108,Республика Татарстан,полигон ТБО г.Тетюши,389,да,нет,нет,нет,нет,да,нет,нет,нет,да,нет,нет,нет,нет,"54.976348, 48.833361",0
109,Республика Татарстан,Тюлячинский полигон ТБО,390,нет,да,нет,нет,да,нет,да,нет,да,да,да,да,нет,да,"55.876674, 50.232359",0
110,Республика Татарстан,полигон ТБО Черемшанского района Республики Татарстан,391,нет,да,нет,да,нет,да,да,нет,нет,да,да,нет,нет,да,"54.634322, 51.510261",0
111,Республика Татарстан,полигон ТБО г.Чистополь,392,да,да,нет,нет,нет,да,нет,нет,нет,да,да,нет,нет,нет,"55.336355, 50.694483",0
112,Республика Татарстан,полигон ТБО Ютазинского района,393,да,нет,да,нет,нет,да,нет,нет,нет,да,нет,да,нет,нет,"54.530302, 53.306174",0
122,Пензенская область,Полигон ТКО г.Пенза,400,нет,да,да,нет,нет,да,нет,нет,нет,нет,нет,нет,нет,да,"53.234492, 45.206231",0
113,Республика Мордовия,Полигон по размещению ТБО и приравненных к ним промышленных отходов Лямбирский район,408,нет,да,да,нет,нет,да,нет,да,нет,нет,да,нет,нет,нет,"54.27022, 45.425998",0
114,Республика Мордовия,Полигон для захоронения ТБО г.п. Рузаевка,409,да,да,да,нет,да,да,нет,да,нет,да,нет,да,да,нет,"54.073997, 45.035351",0
115,Республика Мордовия,Полигон ТБО Ромодановский район,410,да,да,нет,нет,да,да,да,нет,нет,нет,да,нет,да,нет,"54.429073, 45.289463",0
116,Республика Мордовия,Полигон ТБО Зубово-Полянский район,411,да,да,нет,да,нет,да,да,нет,нет,да,да,нет,да,да,"54.414282, 42.816976",0
117,Республика Мордовия,Полигон ТБО Старошайговский район,412,да,да,нет,да,да,да,да,нет,нет,нет,да,да,да,да,"54.327479, 44.473603",0
118,Республика Мордовия,Полигон ТБО Ардатовский район,413,нет,нет,нет,да,да,да,нет,нет,нет,нет,нет,нет,нет,нет,"54.823339, 46.260859",0
119,Республика Мордовия,Полигон ТБО Дубенский район,414,да,да,нет,да,нет,да,да,нет,нет,нет,нет,нет,да,нет,"54.379965, 46.26473",0
120,Республика Мордовия,Полигон ТБО Чамзинский район,415,да,да,нет,нет,да,да,да,нет,нет,да,нет,нет,нет,нет,"54.379754, 45.723272",0
121,Республика Мордовия,Полигон ТБО Инсарский район,416,да,да,нет,нет,да,да,да,да,нет,да,да,да,да,да,"53.857768, 44.333023",0
123,Пензенская область,Полигон ТКО р.п. Исса,417,да,да,нет,нет,да,нет,нет,нет,да,нет,да,нет,да,нет,"53.902282, 44.869793",0
124,Пензенская область,Полигон ТКО р.п. Городище,418,да,да,нет,нет,да,да,да,нет,нет,нет,да,да,да,нет,"53.290337, 45.745532",0
125,Пензенская область,Полигон ТКО р.п.Мокшан,419,нет,да,нет,да,да,нет,да,нет,нет,нет,да,да,да,нет,"53.451518, 44.662394",0
126,Пензенская область,Полигон ТКО р.п. Шемышейка,420,да,нет,нет,нет,нет,да,нет,нет,нет,да,да,нет,да,нет,"52.908549, 45.354412",0
127,Пензенская область,Полигон ТКО р.п. Каменка,421,да,нет,нет,нет,нет,да,да,нет,нет,нет,да,нет,да,да,"53.152813, 43.94473",0
128,Пензенская область,Полигон ТКО р.п. Земетчино,422,да,нет,нет,нет,нет,да,да,нет,нет,да,да,нет,да,да,"53.510096, 42.584981",0
129,Пензенская область,Полигон ТКО р.п. Пачелма,423,да,да,нет,нет,нет,да,да,нет,нет,нет,да,нет,нет,да,"53.337687, 43.347201",0
51,Вологодская область,Полигон ТБО с. Кичменгский Городок,424,нет,да,нет,нет,нет,да,нет,нет,нет,да,да,нет,нет,нет,"60.010165, 45.906689",0
138,Курганская область,"Полигон ТКО, на территории Курганской обл., Далматовского района",443,да,да,нет,да,нет,да,да,нет,нет,да,да,нет,нет,нет,"56.252425, 63.024295",0
139,Курганская область,"Полигон ТБО, на территории Курганской области Кетовского района",444,нет,да,да,нет,нет,нет,нет,нет,нет,нет,да,да,да,нет,"55.595031, 65.219217",0
187,Кировская область,Полигон ТБО Пижанский район,445,да,нет,нет,да,да,нет,нет,нет,да,да,да,нет,нет,нет,"57.459797, 48.672428",0
188,Кировская область,Полигон ТБО д. Антипичи Орловского района,446,да,да,нет,да,да,да,нет,да,нет,да,да,нет,нет,нет,"58.578648, 48.920812",0
189,Кировская область,Полигон ТБО пгт. Нагорск,447,нет,да,нет,да,да,нет,нет,нет,нет,нет ,да,нет,нет,да,"59.285609, 50.744756",0
190,Кировская область,Полигон ТБО «Афанасьево»,448,да,нет,нет,да,да,да,нет,нет,нет,да,да,нет,нет,нет,"58.907709, 53.299513",0
191,Кировская область,Полигон твердых бытовых отходов (1 очередь) пгт Богородское,449,да,нет,нет,нет,да,да,нет,нет,нет,нет ,нет,нет,нет,нет,"57.849293, 50.780692",0
192,Кировская область,Полигон ТБО г. Вятские Поляны,450,да,да,нет,да,да,да,нет,нет,нет,нет ,да,да,нет,нет,"nan, nan",0
193,Кировская область,Полигон ТБО в Просницком СП урочище Шиляево Кирово-Чепецкого района,451,нет,нет,нет,нет,нет,нет,нет,нет,нет,да,да,нет,нет,нет,"58.465314, 50.165617",0
194,Кировская область,Полигон ТБО п. Пасегово Белохолуницкого района,452,да,да,нет,да,нет,да,нет,нет,нет,да,да,да,да,нет,"nan, nan",0
195,Кировская область,Полигон ТБО для пгт Оричи,453,нет,нет,да,да,нет,нет,нет,нет,да,нет ,да,да,нет,нет,"nan, nan",0
196,Кировская область,Полигон твердых бытовых отходов (г. Яранск),454,нет,да,нет,да,да,да,нет,нет,нет,да,нет,нет,нет,да,"nan, nan",0
197,Кировская область,Полигон ПО И ТБО г. Зуевка,455,нет,нет,нет,нет,нет,нет,нет,нет,нет,да,нет,нет,нет,нет,"58.3784, 51.197249",0
198,Пензенская область,Полигон для хранения твердых бытовых отходов,483,нет,да,нет,да,да,да,нет,нет,нет,да,да,нет,да,нет,"nan, nan",0
172,Новосибирская область,Полигон ТБО Карасукский район г. Карасук,484,да,да,нет,нет,нет,да,нет,нет,нет,да,нет,нет,нет,нет,"nan, nan",0
173,Новосибирская область,"Полигон ТБО Черепановский район, г. Черепаново",485,нет,нет,нет,нет,нет,нет,нет,нет,да,да,да,нет,нет,да,"nan, nan",0
174,Новосибирская область,Полигон ТБО Краснозерский район р.п. Краснозерское,486,да,нет,нет,нет,да,нет,да,да,нет,да,нет,нет,нет,нет,"nan, nan",0
175,Новосибирская область,Полигон ТБО в р.п.Чистоозерное Чистоозерный район р.п. Чистоозерное Новосибирской области,487,нет,да,нет,да,нет,нет,нет,нет,нет,да,нет,нет,нет,нет,"nan, nan",0
176,Новосибирская область,"Полигон захоронения твердых коммунальных отходов Болотнинский район, г. Болотное",488,да,да,нет,нет,да,да,да,да,нет,нет,да,да,да,нет,"nan, nan",0
177,Новосибирская область,"Полигон захоронения твердых коммунальных отходов Искитимский район, р.п. Линево",489,да,да,нет,нет,нет,да,да,да,да,да,да,нет,нет,нет,"nan, nan",0
178,Новосибирская область,Полигон захоронения твердых коммунальных отходов Коченевский район с. Прокудское,490,да,да,да,нет,да,да,нет,нет,нет,да,да,нет,да,да,"nan, nan",0
179,Новосибирская область,"Полигон ""Левобережный"" Новосибирский район, Верх-Тулинский с\с",491,нет,нет,да,нет,нет,да,нет,нет,да,да,да,нет,нет,да,"nan, nan",0
180,Новосибирская область,"Объект ""Гусинобродский"" г. Новосибирск",492,нет,да,да,нет,нет,да,нет,нет,нет,нет,да,нет,нет,да,"nan, nan",0
181,Новосибирская область,"объект Колыванский район, р.п. Колывань",493,да,да,нет,да,да,да,да,нет,нет,да,да,да,нет,да,"nan, nan",0
182,Новосибирская область,"объект ""Каргатский район г. Каргат""",494,да,да,нет,да,да,да,да,да,нет,да,да,нет,нет,нет,"nan, nan",0
183,Новосибирская область,Полигон ТБО г. Искитим,495,нет,да,нет,да,да,да,нет,нет,нет,да,да,нет,да,нет,"nan, nan",0
184,Новосибирская область,"Полигон захоронения твердых коммунальных отходов Куйбышевский район, г.Куйбышев",496,да,да,нет,да,да,да,да,да,нет,да,да,нет,да,нет,"nan, nan",0
185,Новосибирская область,Полигон ТКО Тогучинский район р.п. Горный,497,да,да,нет,да,да,да,да,да,нет,да,нет,нет,нет,да,"nan, nan",0
186,Новосибирская область,Полигон ТБО г. Бердск,498,да,нет,нет,да,да,да,да,нет,нет,да,да,нет,нет,да,"nan, nan",0
307,Республика Хакасия,Полигон ТБО Абакан-Черногорского промузла,500,нет,да,да,да,нет,да,нет,нет,нет,нет,нет,нет,нет,нет,"nan, nan",0
317,Омская область,Свалка,578,да,да,нет,да,да,да,да,да,да,да,да,да,да,нет,"57.713366, 71.129802",0
320,Омская область,Свалка ТКО,581,да,да,нет,да,да,да,да,да,да,да,нет,да,да,да,"57.109447, 73.819904",0
305,Костромская область,Объект размещения твёрдых отходов «Каменка»,600,да,да,нет,нет,да,да,да,нет,да,нет,нет,нет,нет,да,"57.469783, 40.623711",0
306,Костромская область,Полигон захоронения ТКО МУП «Волгореченское ПАТП»,601,да,нет,нет,нет,нет,да,да,да,нет,да,нет,да,нет,нет,"57.414828, 41.235143",0
254,Астраханская область,Полигон ТБО,605,нет,да,нет,нет,нет,да,нет,нет,нет,да,нет,нет,нет,нет,"46.53823, 47.89017",0
239,Чеченская Республика,"Полигон с. Алхазурово, Урус-Мартановского района",606,да,да,нет,да,нет,да,да,да,нет,да,нет,да,да,да,"43.085261, 45.664304",0
238,Чеченская Республика,"Полигон с. Гойты, Урус-Мартановского района",607,да,да,нет,да,нет,да,нет,нет,нет,да,нет,да,нет,нет,"43.153866, 45.66575",0
234,Чеченская Республика,"олигон «Андреевская долина» ГУП ""Управление жилищно-коммунальных услуг», г. Грозный",608,да,да,да,да,да,да,да,нет,нет,да,да,да,нет,нет,"43.318323, 45.607016",0
235,Чеченская Республика,"Полигон «Андреевская долина» МУП Вторсырье,
 г. Грозный",609,да,да,да,нет,нет,да,да,нет,нет,нет,да,нет,нет,да,"43.308419, 45.60626",0
236,Чеченская Республика,Полигон г. Гудермес,610,да,да,нет,да,нет,да,нет,нет,нет,да,да,нет,да,да,"43.393598, 46.107552",0
240,Чеченская Республика,"Полигон с. Шатой, Шатойского района",611,да,да,нет,да,нет,нет,нет,нет,нет,да,нет,нет,да,нет,"42.920106, 45.715926",0
237,Чеченская Республика,"Полигон с.Новое Солкушино, Наурского района",612,нет,нет,нет,да,нет,нет,да,нет,нет,нет,нет,нет,да,да,"43.570729, 45.690414",0
233,Республика Ингушетия,Полигон с.п. Нестеровское,613,да,да,да,да,да,да,нет,да,нет,да,да,да,да,да,"43.283234, 45.092902",0
241,Кабардино-Балкарская Республика,Полигон ТКО Урванского района,614,нет,да,да,нет,нет,да,нет,нет,нет,да,да,нет,да,нет,"43.506816, 43.792586",0
244,Карачаево-Черкесская Республика,Полигон ТКО,615,нет,нет,нет,нет,нет,нет,нет,нет,да,нет,нет,нет,да,да,"44.218616, 42.093445",0
243,Карачаево-Черкесская Республика,Полигон ТБО,616,да,да,нет,да,нет,да,нет,нет,нет,да,нет,нет,да,нет,"44.115902, 42.053197",0
242,Республика Северная Осетия- Алания,Полигон ТКО,617,да,да,да,да,нет,да,нет,нет,нет,да,нет,нет,да,да,"43.712712, 44.702688",0
232,Республика Дагестан,Полигон ООО «Грин Тау»,618,нет,да,нет,да,да,да,нет,нет,нет,да,да,да,да,да,"42.567485, 47.839735",0
231,Республика Дагестан,Полигон МУП «САХ»,619,да,нет,нет,да,да,да,да,да,да,да,да,нет ,да,да,"43.816729, 46.673686",0
250,Самарская область,Полигон ТБО р.ц. Кинель-Черкассы,621,да,да,нет,да,нет,нет,нет,нет,нет,да,да,нет,да,нет,"53.497408, 51.412886",0
248,Самарская область,Полигон ТБО,622,нет,да,нет,нет,нет,нет,нет,нет,нет,да,нет,нет,да,да,"54.189171, 50.445769",0
253,Самарская область,Полигон ТБО г. Новокуйбышевска,623,да,да,нет,нет,да,да,нет,нет,нет,да,да,нет,нет,нет,"53.049788, 49.860767",0
249,Самарская область,Усовершенствованный высоконагруженный полигон ТБО и промышленных отходов г. Сызрань,624,да,да,нет,да,да,да,да,нет,нет,да,да,нет,нет,нет,"53.187142, 48.269173",0
252,Самарская область,Полигон ТБО «Тимофеевский»,625,да,да,нет,нет,да,да,да,нет,нет,да,нет,нет,нет,да,"53.58294, 49.342546",0
247,Самарская область,Полигон ТБО «Преображенка»,626,нет,да,да,нет,нет,нет,нет,нет,да,нет,нет,да,нет,да,"53.025636, 50.101569",0
245,Ставропольский край,Полигон ТБО,627,да,да,да,да,нет,да,нет,нет,нет,да,нет,нет,да,нет,"44.060806, 42.70884",0
246,Ставропольский край,Полигон ТКО,628,нет,да,да,нет,нет,нет,нет,нет,нет,нет,нет,нет,нет,нет,"44.312224, 43.15422",0
258,Волгоградская область,Полигон ТБО,629,нет,да,да,нет,да,да,нет,нет,нет,да,нет,нет,нет,нет,"48.774001, 44.422858",0
257,Волгоградская область,Полигон ТБО,630,нет,да,нет,нет,да,да,нет,нет,нет,нет,нет,нет,нет,нет,"50.078915, 45.299195",0
255,Волгоградская область,Межмуниципальный полигон ТБО,631,да,да,нет,да,да,да,да,нет,да,да,да,нет,нет,нет,"48.425363, 44.656465",0
256,Волгоградская область,Полигон ТБО,632,да,нет,нет,да,нет,да,нет,нет,нет,нет,нет,нет,нет,нет,"48.789492, 44.862187",0
344,Калужская область,Полигон ТБО,650,да,да,нет,нет,нет,да,нет,нет,да,да,да,нет,нет,да,"54.08845, 35.357403",0
345,Тульская область,"Полигон ТКО МБУ «Районное благоустройство, ремонт дорог и тротуаров»",651,да,да,нет,нет,нет,да,нет,нет,да,да,да,да,нет,да,"53.988824, 38.269403",0
346,Тульская область,Полигон ТКО МУП «Благоустройство Веневского района»,652,нет,да,нет,нет,нет,да,да,нет,да,нет,да,да,да,да,"54.371854, 38.231734",0
334,Чувашская Республика,Полигон ТБО с. Батырево,653,нет,да,нет,нет,нет,да,нет,нет,нет,да,да,нет,нет,нет,"55.026239, 47.621576",0
335,Чувашская Республика,Полигон ТБО Вурнарского района,654,нет,да,нет,да,нет,да,нет,нет,нет,да,нет,нет,нет,нет,"55.477743, 47.036911",0
336,Чувашская Республика,Санкционированная свалка г. Козловка Козловского района,655,да,да,нет,нет,нет,да,да,нет,нет,да,нет,да,нет,да,"55.788867, 48.224176",0
337,Чувашская Республика,Полигон ТБО Урмарского района,656,да,да,нет,нет,да,да,да,нет,нет,да,да,да,да,да,"55.663882, 47.953496",0
338,Чувашская Республика,Полигон ТБО Моргаушского района,657,нет,да,нет,нет,да,да,нет,нет,нет,да,да,да,да,нет,"56.023164, 46.714889",0
339,Чувашская Республика,Полигон для захоронения ТБО в г. Алатырь,658,да,да,нет,да,нет,да,нет,нет,нет,да,да,да,да,да,"54.820754, 46.528708",0
340,Чувашская Республика,Санкционированная свалка села Порецкое,659,да,да,нет,да,нет,да,да,нет,да,да,нет,нет,да,нет,"55.165082, 46.330771",0
341,Чувашская Республика,Санкционированная городская свалка г. Шумерля,660,да,да,нет,нет,нет,нет,нет,нет,нет,нет ,да,нет,да,нет,"55.539304, 46.346585",0
342,Чувашская Республика,Санкционированная свалка Цивильского района,661,нет,да,нет,нет,нет,да,нет,нет,да,нет,да,да,да,нет,"55.869849, 47.657258",0
343,Чувашская Республика,Полигон ТБО в г. Новочебоксарск,662,нет,да,да,нет,нет,нет,нет,нет,да,нет,да,нет,нет,да,"56.057736, 47.522512",0
353,Республика Коми,Полигон твердых бытовых отходов п. Усогорск,667,да,да,нет,да,да,да,да,нет,нет,да,да,нет,нет,нет,"63.431466, 48.613539",0
354,Республика Коми,Ухтинский городской полигон ТБО,668,нет,нет,да,нет,да,да,нет,нет,нет,да,да,нет,нет,нет,"63.638344, 53.757424",0
356,Республика Коми,Полигон твердых бытовых отходов с. Айкино,669,да,нет,нет,да,да,да,да,нет,нет,нет,да,да,да,нет,"62.265817, 49.961607",0
357,Республика Коми,Полигон твердых бытовых отходов в м. Дырнос г. Сыктывкара,670,нет,нет,нет,нет,да,да,нет,нет,нет,нет,да,нет,нет,да,"61.687446, 50.720426",0
355,Республика Коми,Полигон твердых бытовых отходов г. Печора,671,да,нет,да,да,да,да,нет,нет,нет,да,да,нет,нет,нет,"65.16279, 57.418261",0
352,Республика Коми,Полигон твердых бытовых и промышленных отходов КС-3 в г. Вуктыл,672,да,да,нет,да,нет,да,нет,нет,нет,да,нет,нет,нет,нет,"63.76085, 57.188127",0
358,Свердловская область,Свалка бытовых отходов,676,да,да,нет,да,да,да,нет,нет,нет,нет,да,нет,да,нет,"59.801868, 60.196216",0
359,Свердловская область,Полигон бытовых и промышленных отходов,677,да,да,нет,да,да,да,нет,да,нет,да,да,да,нет,нет,"57.11377, 61.72721",0
360,Свердловская область,Полигон ТБО и ПО ООО «Энергия»,678,нет,да,нет,нет,нет,да,да,нет,нет,да,нет,да,нет,нет,"58.678391, 59.527883",0
361,Свердловская область,"Полигон ТБО, г. Асбест",679,нет,да,нет,да,да,да,нет,нет,нет,да,да,да,да,да,"56.976996, 61.522161",0
429,Нижегородская область,Полигон ТБО в Богородском районе д. Лазарево Нижегородской области»,680,нет,да,нет,нет,нет,нет,нет,нет,нет,да,да,нет,нет,да,"56.068053, 43.596686",0
362,Свердловская область,"Полигон (свалка) ТБО и ПО, г. Верхняя Салда",681,да,да,нет,нет,да,да,да,нет,нет,да,да,да,да,нет,"58.082328, 60.577773",1
363,Свердловская область,Полигон ТБО г. Красноуфимск,682,нет,да,нет,да,нет,да,нет,нет,нет,да,да,да,да,да,"56.622862, 57.822078",0
364,Свердловская область,Свалка твердых бытовых отходов п.г.т. Староуткинск,683,да,нет,нет,да,да,нет,да,да,нет,да,да,нет,да,нет,"57.208341, 59.286126",0
347,Псковская область,ОРО «Дешково»,684,да,нет,нет,да,нет,да,нет,нет,да,да,да,да,да,да,"56.962488, 29.927078",0
348,Псковская область,Объект размещения отходов городская свалка г. Великие Луки,685,нет,да,нет,нет,нет,да,да,нет,нет,да,да,нет,нет,да,"56.345301, 30.37207",0
349,Псковская область,Свалка (полигон) бытовых отходов Невельского района,686,да,да,нет,да,да,да,нет,нет,нет,да,да,нет,да,нет,"56.084841, 29.89504",0
350,Псковская область,Объект захоронения отходов (ГРОРО 60-00005-З-00592-250914 от 25.09.2014),687,да,да,нет,нет,да,да,нет,нет,нет,да,да,нет,да,да,"56.707937, 28.611585",0
351,Псковская область,Новосокольническая городская свалка,688,да,да,нет,да,нет,да,нет,нет,нет,да,да,нет,да,нет,"56.296863, 30.203437",0
430,Нижегородская область,Межмуниципальный полигон ТБО на территории Городецкого района,690,нет,нет,нет,да,нет,нет,нет,нет,нет,нет,да,нет,нет,нет,"56.655616, 43.767634",0
440,Республика Марий Эл,Полигон ТБО Медведевского района,691,да,да,нет,нет,нет,да,нет,нет,нет,нет,да,нет,нет,нет,"56.62709, 47.555794",0
388,Приморский край,Полигон твердых бытовых отходов,789,да,да,нет,да,да,да,нет,нет,нет,да,да,нет,нет,нет,"45.122124, 136.531785",0
389,Приморский край,Полигон твердых коммунальных отходов,790,да,да,нет,да,да,да,да,нет,нет,да,да,нет,да,нет,"44.284928, 134.884542",0
390,Приморский край,Полигон твердых коммунальных отходов,791,да,да,нет,нет,да,да,нет,нет,нет,да,да,нет,нет,нет,"44.545566, 132.818311",0
391,Приморский край,Полигон твердых коммунальных отходов,792,нет,нет,нет,да,да,да,нет,нет,нет,да,да,нет,нет,да,"43.163486, 133.204906",0
392,Приморский край,Полигон твердых бытовых отходов,793,да,да,нет,да,да,да,нет,нет,нет,да,да,нет,да,да,"43.837075, 132.028742",0
393,Приморский край,Полигон твердых бытовых отходов,794,да,да,нет,да,да,да,нет,да,нет,да,нет,нет,нет,да,"44.507337, 135.671344",0
394,Приморский край,Полигон твердых бытовых отходов,795,да,да,нет,да,да,да,да,нет,нет,да,да,да,нет,нет,"42.89323, 131.332276",0
395,Приморский край,Полигон твердых коммунальных отходов,796,да,да,нет,да,да,да,нет,нет,нет,да,да,нет,нет,нет,"45.135857, 133.542796",0
396,Приморский край,Полигон твердых коммунальных отходов,797,да,да,нет,да,нет,да,нет,нет,нет,да,да,нет,нет,да,"42.871492, 133.049367",0
397,Приморский край,Полигон твердых коммунальных отходов,798,да,да,нет,да,да,да,да,нет,нет,да,да,нет,да,нет,"44.737477, 136.248335",0
398,Республика Бурятия,Полигон ТКО в п. Заиграево,799,нет,да,нет,да,нет,нет,нет,нет,нет,нет,нет,нет,нет,нет,"51.823139, 108.228317",0
399,Республика Бурятия,Полигон ТКО в МО СП «Эгитуйское»,800,нет,да,нет,нет,нет,нет,нет,нет,да,нет,нет,нет,нет,да,"52.403541, 110.809672",0
400,Республика Бурятия,Полигон ТБО в г. Гусиноозерск,801,нет,да,нет,нет,да,да,нет,нет,нет,да,да,нет,нет,да,"51.2639, 106.525911",0
401,Забайкальский край,Полигон ТКО в г. Краснокаменск,802,да,да,нет,да,да,да,да,нет,нет,нет,нет,нет,нет,нет,"50.113639, 117.941836",0
370,Магаданская область,Полигон ТБО п. Омсукчан,803,да,да,нет,да,да,да,да,нет,нет,да,нет,нет,нет,нет,"62.548203, 155.831851",1
